signal_id,symbol,session,observed_at,horizon_min,target_at,actual_observed_at,reference_price,outcome_price,status
SYN-001,DEMO_A,PRE,2026-01-05T08:10:05-05:00,1,2026-01-05T08:11:00-05:00,2026-01-05T08:11:03-05:00,10.00,10.20,OBSERVED
SYN-001,DEMO_A,PRE,2026-01-05T08:10:05-05:00,3,2026-01-05T08:13:00-05:00,2026-01-05T08:13:02-05:00,10.00,10.35,OBSERVED
SYN-001,DEMO_A,PRE,2026-01-05T08:10:05-05:00,5,2026-01-05T08:15:00-05:00,2026-01-05T08:15:04-05:00,10.00,10.10,OBSERVED
SYN-002,DEMO_B,REG,2026-01-05T10:20:05-05:00,1,2026-01-05T10:21:00-05:00,2026-01-05T10:21:01-05:00,20.00,19.80,OBSERVED
SYN-002,DEMO_B,REG,2026-01-05T10:20:05-05:00,5,2026-01-05T10:25:00-05:00,2026-01-05T10:25:03-05:00,20.00,20.40,OBSERVED
SYN-002,DEMO_B,REG,2026-01-05T10:20:05-05:00,30,2026-01-05T10:50:00-05:00,,20.00,,UNRESOLVED
SYN-003,DEMO_C,REG,2026-01-05T15:50:05-05:00,1,2026-01-05T15:51:00-05:00,2026-01-05T15:51:04-05:00,5.00,5.10,OBSERVED
SYN-003,DEMO_C,REG,2026-01-05T15:50:05-05:00,5,2026-01-05T15:55:00-05:00,2026-01-05T15:55:02-05:00,5.00,5.25,OBSERVED
SYN-003,DEMO_C,REG,2026-01-05T15:50:05-05:00,30,2026-01-05T16:20:00-05:00,,5.00,,CENSORED
SYN-004,DEMO_D,PRE,2026-01-05T09:28:05-05:00,1,2026-01-05T09:29:00-05:00,2026-01-05T09:29:02-05:00,8.00,8.08,OBSERVED
